数値,意味,キーワード,メッセージ,カテゴリ,詳細
1,リーダーシップ,独立・創造・先頭,あなたは生まれながらのリーダーです。独自の道を切り開きましょう。,数秘術,独立心が強く、新しいことを始める力があります。
2,協調性,協力・調和・感受性,パートナーシップを大切にしましょう。協力することで大きな成果が得られます。,数秘術,優しく協調的で、人の気持ちを理解する力があります。
3,創造性,表現・コミュニケーション・楽観,創造的な才能を発揮する時です。表現活動に取り組みましょう。,数秘術,芸術的才能に恵まれ、コミュニケーション能力が高いです。
4,安定性,実務・組織・信頼,堅実な基盤を築く時です。計画を立てて実行しましょう。,数秘術,実務能力が高く、組織をまとめる力があります。
5,自由と変化,自由・冒険・多様性,変化を恐れず、新しい体験を求めましょう。自由な発想が成功を導きます。,数秘術,好奇心旺盛で、多様な経験を積むことが大切です。
6,愛情と責任,愛情・責任・奉仕,家族や周りの人を大切にしましょう。愛情深い行動が幸せを呼びます。,数秘術,愛情深く、責任感が強いです。奉仕の精神を持っています。
7,探求と内省,探求・内省・精神性,深い探求と内省の時です。知識を深め、精神的な成長を目指しましょう。,数秘術,知的好奇心が強く、精神的な探求を好みます。
8,成功と権力,成功・権力・実現,物質的な成功を目指す時です。ビジネスで力を発揮しましょう。,数秘術,実務能力と組織力に優れ、成功を実現する力があります。
9,完成と奉仕,完成・奉仕・理想主義,理想を実現する時です。人々のために奉仕しましょう。,数秘術,理想が高く、人々のために行動する力があります。
11,直感と啓示,直感・啓示・霊性,直感を信じて行動しましょう。高い次元からのメッセージを受け取っています。,数秘術,直感力が強く、スピリチュアルな能力があります。
22,実現と建設,実現・建設・マスタービルダー,大きな夢を実現する力があります。建設的な行動を起こしましょう。,数秘術,大きなビジョンを実現する力があり、社会に貢献できます。
33,奉仕と指導,奉仕・指導・マスターティーチャー,人々を導く使命があります。愛と奉仕の心で行動しましょう。,数秘術,高い理想を持ち、人々を導く力があります。



